-- phpMyAdmin SQL Dump
-- version 5.0.2
-- https://www.phpmyadmin.net/
--
-- Host: 127.0.0.1
-- Generation Time: Feb 12, 2021 at 09:42 AM
-- Server version: 10.4.14-MariaDB
-- PHP Version: 7.4.9

SET SQL_MODE = "NO_AUTO_VALUE_ON_ZERO";
START TRANSACTION;
SET time_zone = "+00:00";


/*!40101 SET @OLD_CHARACTER_SET_CLIENT=@@CHARACTER_SET_CLIENT */;
/*!40101 SET @OLD_CHARACTER_SET_RESULTS=@@CHARACTER_SET_RESULTS */;
/*!40101 SET @OLD_COLLATION_CONNECTION=@@COLLATION_CONNECTION */;
/*!40101 SET NAMES utf8mb4 */;

--
-- Database: `service_salon`
--

-- --------------------------------------------------------

--
-- Table structure for table `cars_rent`
--

CREATE DATABASE service_salon;

USE service_salon;

CREATE TABLE `cars_rent` (
  `id` int(11) NOT NULL,
  `carId` varchar(30) NOT NULL,
  `date_from` date NOT NULL,
  `date_to` date NOT NULL
) ENGINE=InnoDB DEFAULT CHARSET=utf8;

--
-- Dumping data for table `cars_rent`
--

INSERT INTO `cars_rent` (`id`, `carId`, `date_from`, `date_to`) VALUES
(50, '5ffb9740f5743d6338e7e635', '2021-01-14', '2021-01-17'),
(52, '21385hgqeiuafu183qein', '2021-01-17', '2021-01-19'),
(53, '5ffb9740f5743d6338e7e635', '2021-02-01', '2020-02-10'),
(55, '60074b1cb6cb6a619096d043', '2021-01-17', '2021-01-20'),
(56, '60074b1cb6cb6a619096d043', '2021-01-09', '2021-01-14'),
(57, '60074b1cb6cb6a619096d043', '2021-01-02', '2021-01-05'),
(58, '60074b37b6cb6a619096d044', '2021-01-02', '2021-01-05'),
(59, '60074b37b6cb6a619096d044', '2021-02-02', '2021-02-04'),
(60, '60074b37b6cb6a619096d044', '2021-02-15', '2021-02-19'),
(61, '60074b37b6cb6a619096d044', '2021-01-07', '2021-01-09'),
(63, '60074b1cb6cb6a619096d043', '2021-01-26', '2021-01-29'),
(64, '60074b1cb6cb6a619096d043', '2021-02-02', '2021-02-04'),
(65, '60074b1cb6cb6a619096d043', '2021-01-06', '2021-01-08'),
(68, '60074b1cb6cb6a619096d043', '2021-02-15', '2021-02-17'),
(69, '60074b1cb6cb6a619096d043', '2021-02-14', '2021-02-14'),
(70, '60074b1cb6cb6a619096d043', '2021-02-16', '2021-02-16'),
(71, '60074b1cb6cb6a619096d043', '2021-02-15', '2021-02-18'),
(72, '60074b1cb6cb6a619096d043', '2021-02-14', '2021-02-14'),
(73, '60074b1cb6cb6a619096d043', '2021-02-17', '2021-02-17'),
(74, '60074b1cb6cb6a619096d043', '2021-01-25', '2021-01-27'),
(75, '60074b1cb6cb6a619096d043', '2021-01-24', '2021-01-24'),
(76, '60074b1cb6cb6a619096d043', '2021-01-28', '2021-01-28'),
(77, '60074b1cb6cb6a619096d043', '2021-02-22', '2021-02-24'),
(78, '60074b1cb6cb6a619096d043', '2021-02-21', '2021-02-21'),
(79, '60074b1cb6cb6a619096d043', '2021-02-25', '2021-02-25'),
(80, '60074b1cb6cb6a619096d043', '2021-03-02', '2021-03-04'),
(81, '60074b1cb6cb6a619096d043', '2021-03-01', '2021-03-01'),
(82, '60074b1cb6cb6a619096d043', '2021-03-05', '2021-03-05'),
(83, '6010a10cb6ee86269c13223a', '2021-01-05', '2021-01-09'),
(84, '6010a10cb6ee86269c13223a', '2021-01-04', '2021-01-04'),
(85, '6010a10cb6ee86269c13223a', '2021-01-10', '2021-01-10'),
(86, '6010a13bb6ee86269c13223b', '2021-02-04', '2021-02-07'),
(87, '6010a13bb6ee86269c13223b', '2021-02-03', '2021-02-03'),
(88, '6010a13bb6ee86269c13223b', '2021-02-08', '2021-02-08'),
(89, '60074b37b6cb6a619096d044', '2021-01-27', '2021-01-28'),
(90, '60074b37b6cb6a619096d044', '2021-01-26', '2021-01-26'),
(91, '60074b37b6cb6a619096d044', '2021-01-29', '2021-01-29'),
(92, '6010a13bb6ee86269c13223b', '2021-01-28', '2021-01-31'),
(93, '6010a13bb6ee86269c13223b', '2021-01-27', '2021-01-27'),
(94, '6010a13bb6ee86269c13223b', '2021-02-01', '2021-02-01'),
(95, '60074b37b6cb6a619096d044', '2021-02-09', '2021-02-12'),
(96, '60074b37b6cb6a619096d044', '2021-02-08', '2021-02-08'),
(97, '60074b37b6cb6a619096d044', '2021-02-13', '2021-02-13'),
(98, '60074b1cb6cb6a619096d043', '2021-02-14', '2021-02-28'),
(99, '60074b1cb6cb6a619096d043', '2021-02-13', '2021-02-13'),
(100, '60074b1cb6cb6a619096d043', '2021-03-01', '2021-03-01'),
(101, '6010a105b6ee86269c132239', '2021-02-04', '2021-02-07'),
(102, '6010a105b6ee86269c132239', '2021-02-03', '2021-02-03'),
(103, '6010a105b6ee86269c132239', '2021-02-08', '2021-02-08'),
(104, '6010a145b6ee86269c13223c', '2021-02-04', '2021-02-06'),
(105, '6010a145b6ee86269c13223c', '2021-02-03', '2021-02-03'),
(106, '6010a145b6ee86269c13223c', '2021-02-07', '2021-02-07'),
(107, '6010a10cb6ee86269c13223a', '2021-02-04', '2021-02-07'),
(108, '6010a10cb6ee86269c13223a', '2021-02-03', '2021-02-03'),
(109, '6010a10cb6ee86269c13223a', '2021-02-08', '2021-02-08'),
(110, '6010a17cb6ee86269c13223d', '2021-02-04', '2021-02-07'),
(111, '6010a17cb6ee86269c13223d', '2021-02-03', '2021-02-03'),
(112, '6010a17cb6ee86269c13223d', '2021-02-08', '2021-02-08'),
(113, '6010a10cb6ee86269c13223a', '2021-02-25', '2021-02-27'),
(114, '6010a10cb6ee86269c13223a', '2021-02-24', '2021-02-24'),
(115, '6010a10cb6ee86269c13223a', '2021-02-28', '2021-02-28'),
(116, '6010a105b6ee86269c132239', '2021-02-17', '2021-02-23'),
(117, '6010a105b6ee86269c132239', '2021-02-16', '2021-02-16'),
(118, '6010a105b6ee86269c132239', '2021-02-24', '2021-02-24'),
(119, '6010a105b6ee86269c132239', '2021-02-17', '2021-02-23'),
(120, '6010a105b6ee86269c132239', '2021-02-16', '2021-02-16'),
(121, '6010a105b6ee86269c132239', '2021-02-24', '2021-02-24'),
(122, '6010a17cb6ee86269c13223d', '2021-02-09', '2021-02-23'),
(123, '6010a17cb6ee86269c13223d', '2021-02-08', '2021-02-08'),
(124, '6010a17cb6ee86269c13223d', '2021-02-24', '2021-02-24'),
(125, '6010a13bb6ee86269c13223b', '2021-02-18', '2021-02-20'),
(126, '6010a13bb6ee86269c13223b', '2021-02-17', '2021-02-17'),
(127, '6010a13bb6ee86269c13223b', '2021-02-21', '2021-02-21'),
(128, '6010a10cb6ee86269c13223a', '2021-02-18', '2021-02-22'),
(129, '6010a10cb6ee86269c13223a', '2021-02-17', '2021-02-17'),
(130, '6010a10cb6ee86269c13223a', '2021-02-23', '2021-02-23'),
(131, '6010a1a1b6ee86269c13223e', '2021-02-05', '2021-02-15'),
(132, '6010a1a1b6ee86269c13223e', '2021-02-04', '2021-02-04'),
(133, '6010a1a1b6ee86269c13223e', '2021-02-16', '2021-02-16'),
(134, '60074b1cb6cb6a619096d043', '2021-03-11', '2021-03-19'),
(135, '60074b1cb6cb6a619096d043', '2021-03-10', '2021-03-10'),
(136, '60074b1cb6cb6a619096d043', '2021-03-20', '2021-03-20'),
(137, '60074b1cb6cb6a619096d043', '2021-03-11', '2021-03-19'),
(138, '60074b1cb6cb6a619096d043', '2021-03-10', '2021-03-10'),
(139, '60074b1cb6cb6a619096d043', '2021-03-20', '2021-03-20'),
(140, '60074b1cb6cb6a619096d043', '2021-04-05', '2021-04-08'),
(141, '60074b1cb6cb6a619096d043', '2021-04-04', '2021-04-04'),
(142, '60074b1cb6cb6a619096d043', '2021-04-09', '2021-04-09'),
(143, '60074b37b6cb6a619096d044', '2021-04-08', '2021-04-10'),
(144, '60074b37b6cb6a619096d044', '2021-04-07', '2021-04-07'),
(145, '60074b37b6cb6a619096d044', '2021-04-11', '2021-04-11'),
(146, '60074b37b6cb6a619096d044', '2021-04-18', '2021-04-20'),
(147, '60074b37b6cb6a619096d044', '2021-04-18', '2021-04-20'),
(148, '60074b37b6cb6a619096d044', '2021-02-24', '2021-02-25'),
(149, '60074b37b6cb6a619096d044', '2021-02-21', '2021-02-22'),
(150, '60074b37b6cb6a619096d044', '2021-03-18', '2021-03-20'),
(151, '60074b37b6cb6a619096d044', '2021-03-09', '2021-03-11'),
(152, '60074b37b6cb6a619096d044', '2021-03-03', '2021-03-05'),
(153, '60074b37b6cb6a619096d044', '2021-03-02', '2021-03-02'),
(154, '60074b1cb6cb6a619096d043', '2021-03-22', '2021-03-23'),
(155, '60074b37b6cb6a619096d044', '2021-03-23', '2021-03-24'),
(156, '60074b37b6cb6a619096d044', '2021-03-15', '2021-02-16'),
(157, '60074b37b6cb6a619096d044', '2021-03-14', '2021-03-14'),
(158, '60074b37b6cb6a619096d044', '2021-04-28', '2021-04-29'),
(159, '60074b37b6cb6a619096d044', '2021-04-22', '2021-04-23'),
(160, '60074b37b6cb6a619096d044', '2021-04-24', '2021-04-24'),
(161, '60074b37b6cb6a619096d044', '2021-05-20', '2021-05-21'),
(162, '60074b37b6cb6a619096d044', '2021-05-22', '2021-05-22'),
(163, '60074b37b6cb6a619096d044', '2021-04-13', '2021-04-14'),
(164, '60074b37b6cb6a619096d044', '2021-04-15', '2021-04-15'),
(165, '60074b37b6cb6a619096d044', '2021-05-25', '2021-05-26'),
(166, '60074b37b6cb6a619096d044', '2021-05-24', '2021-05-24'),
(167, '60074b37b6cb6a619096d044', '2021-05-27', '2021-05-27'),
(168, '60074b37b6cb6a619096d044', '2021-07-14', '2021-07-16'),
(169, '60074b37b6cb6a619096d044', '2021-07-17', '2021-07-17'),
(170, '6010a105b6ee86269c132239', '2021-04-14', '2021-04-16'),
(171, '6010a105b6ee86269c132239', '2021-04-17', '2021-04-17'),
(172, '6010a105b6ee86269c132239', '2021-03-09', '2021-03-11'),
(173, '6010a105b6ee86269c132239', '2021-03-08', '2021-03-08'),
(174, '60074b1cb6cb6a619096d043', '2021-05-19', '2021-05-21'),
(175, '60074b1cb6cb6a619096d043', '2021-05-18', '2021-05-18'),
(176, '60074b1cb6cb6a619096d043', '2021-02-06', '2021-02-08'),
(177, '60074b1cb6cb6a619096d043', '2021-02-05', '2021-02-05'),
(178, '60074b1cb6cb6a619096d043', '2021-02-09', '2021-02-09'),
(179, '60074b37b6cb6a619096d044', '2021-02-05', '2021-02-05'),
(180, '60074b37b6cb6a619096d044', '2021-02-06', '2021-02-06'),
(181, '60074b37b6cb6a619096d044', '2021-05-04', '2021-05-06'),
(182, '60074b37b6cb6a619096d044', '2021-05-07', '2021-05-07'),
(183, '60074b1cb6cb6a619096d043', '2021-02-12', '2021-02-12'),
(184, '60074b1cb6cb6a619096d043', '2021-02-11', '2021-02-11'),
(185, '6010a10cb6ee86269c13223a', '2021-02-12', '2021-02-13'),
(186, '6010a10cb6ee86269c13223a', '2021-02-11', '2021-02-11');

-- --------------------------------------------------------

--
-- Table structure for table `orders`
--

CREATE TABLE `orders` (
  `id` int(30) NOT NULL,
  `clientId` varchar(30) DEFAULT NULL,
  `workerId` varchar(30) DEFAULT NULL,
  `pickupSalonId` varchar(50) DEFAULT NULL,
  `returnSalonId` varchar(50) DEFAULT NULL,
  `statusId` int(11) NOT NULL,
  `carsId` int(11) NOT NULL
) ENGINE=InnoDB DEFAULT CHARSET=utf8;

--
-- Dumping data for table `orders`
--

INSERT INTO `orders` (`id`, `clientId`, `workerId`, `pickupSalonId`, `returnSalonId`, `statusId`, `carsId`) VALUES
(1, 'gsdag241gw', 'hsfda314thsf', NULL, 'sas133dgsh23', 3, 52),
(2, 'gajj14gdhaa', 'dkag1hhfakhf', NULL, 'hdas41jig', 2, 53),
(3, 'bafasj1gdahaa', 'hasfaga1hhfakhf', NULL, 'hdas41jig', 2, 53),
(4, 'bafasj1gdahaa', 'hasfaga1hhfakhf', NULL, 'hdas41jig', 2, 53),
(5, 'bafasj1gdahaa', 'hasfaga1hhfakhf', NULL, 'hdas41jig', 2, 53),
(6, 'bafasj1gdahaa', 'hasfaga1hhfakhf', NULL, 'hdas41jig', 2, 53),
(7, 'bafasj1gdahaa', 'hasfaga1hhfakhf', NULL, 'hdas41jig', 2, 53),
(8, 'bafasj1gdahaa', 'hasfaga1hhfakhf', NULL, 'hdas41jig', 2, 53),
(11, '600f10bafe1ad52280ccd769', '', NULL, '600731d43526f63658f62f3b', 1, 63),
(12, '600f10bafe1ad52280ccd769', '', NULL, '600731da3526f63658f62f3c', 1, 64),
(13, '600f10bafe1ad52280ccd769', '', NULL, '600731d43526f63658f62f3b', 1, 65),
(16, '600f10bafe1ad52280ccd769', '', NULL, '600731da3526f63658f62f3c', 1, 68),
(17, '600f10bafe1ad52280ccd769', '', NULL, '600731da3526f63658f62f3c', 1, 71),
(18, '', '', NULL, '600731da3526f63658f62f3c', 1, 72),
(19, '', '', NULL, '600731da3526f63658f62f3c', 1, 73),
(20, '', '', NULL, '600731da3526f63658f62f3c', 1, 73),
(21, '600f10bafe1ad52280ccd769', '', NULL, '600731d43526f63658f62f3b', 1, 74),
(22, '', '', NULL, '600731d43526f63658f62f3b', 5, 75),
(23, '', '', NULL, '600731d43526f63658f62f3b', 1, 76),
(24, '', '', NULL, '600731d43526f63658f62f3b', 1, 76),
(25, '600f10bafe1ad52280ccd769', '', NULL, '600731d43526f63658f62f3b', 1, 77),
(26, '', '', NULL, '600731d43526f63658f62f3b', 1, 78),
(27, '', '', NULL, '600731d43526f63658f62f3b', 1, 79),
(28, '', '', NULL, '600731d43526f63658f62f3b', 1, 79),
(29, '600f10bafe1ad52280ccd769', '', NULL, '600731e13526f63658f62f3d', 1, 80),
(30, '', '', NULL, '600731e13526f63658f62f3d', 4, 81),
(31, '', '', NULL, '600731e13526f63658f62f3d', 4, 82),
(32, '', '', NULL, '600731e13526f63658f62f3d', 4, 82),
(33, '600f10bafe1ad52280ccd769', '', NULL, '600731d43526f63658f62f3b', 1, 83),
(34, '', '', NULL, '600731d43526f63658f62f3b', 5, 84),
(35, '', '', NULL, '600731d43526f63658f62f3b', 4, 85),
(36, '', '', NULL, '600731d43526f63658f62f3b', 4, 85),
(37, '600f10bafe1ad52280ccd769', '', NULL, '600731da3526f63658f62f3c', 1, 86),
(38, '', '', NULL, '600731da3526f63658f62f3c', 4, 87),
(39, '', '', NULL, '600731da3526f63658f62f3c', 4, 88),
(40, '', '', NULL, '600731da3526f63658f62f3c', 4, 88),
(41, '600f10bafe1ad52280ccd769', '', NULL, '600731d43526f63658f62f3b', 1, 89),
(42, '', '', NULL, '600731d43526f63658f62f3b', 4, 90),
(43, '', '', NULL, '600731d43526f63658f62f3b', 4, 91),
(44, '', '', NULL, '600731d43526f63658f62f3b', 4, 91),
(45, '600f10bafe1ad52280ccd769', '', NULL, '600731d43526f63658f62f3b', 1, 92),
(46, '', '', NULL, '600731d43526f63658f62f3b', 4, 93),
(47, '', '', NULL, '600731d43526f63658f62f3b', 4, 94),
(48, '', '', NULL, '600731d43526f63658f62f3b', 4, 94),
(49, '600f10bafe1ad52280ccd769', '', NULL, '600731d43526f63658f62f3b', 1, 95),
(50, '', '', NULL, '600731d43526f63658f62f3b', 4, 96),
(51, '', '', NULL, '600731d43526f63658f62f3b', 4, 97),
(52, '', '', NULL, '600731d43526f63658f62f3b', 4, 97),
(53, '600f10bafe1ad52280ccd769', '', NULL, '600731e13526f63658f62f3d', 1, 98),
(54, '', '', NULL, '600731e13526f63658f62f3d', 4, 99),
(55, '', '', NULL, '600731e13526f63658f62f3d', 4, 100),
(56, '', '', NULL, '600731e13526f63658f62f3d', 4, 100),
(57, '601aa549fbfc750dfcdf6eff', '', NULL, '600731e13526f63658f62f3d', 1, 101),
(58, '', '', NULL, '600731e13526f63658f62f3d', 4, 102),
(59, '', '', NULL, '600731d43526f63658f62f3b', 4, 103),
(60, '', '', NULL, '600731d43526f63658f62f3b', 4, 103),
(61, '601aa549fbfc750dfcdf6eff', '', NULL, '600731e13526f63658f62f3d', 1, 104),
(62, '', '', NULL, '600731e13526f63658f62f3d', 4, 105),
(63, '', '', NULL, '600731d43526f63658f62f3b', 4, 106),
(64, '', '', NULL, '600731d43526f63658f62f3b', 4, 106),
(65, '601aa549fbfc750dfcdf6eff', '', NULL, '600731da3526f63658f62f3c', 1, 107),
(66, '', '', NULL, '600731da3526f63658f62f3c', 4, 108),
(67, '', '', NULL, '600731d43526f63658f62f3b', 4, 109),
(68, '', '', NULL, '600731d43526f63658f62f3b', 4, 109),
(69, '601aa549fbfc750dfcdf6eff', '', '600731da3526f63658f62f3c', '600731e13526f63658f62f3d', 1, 110),
(70, '', '', '600731da3526f63658f62f3c', '600731e13526f63658f62f3d', 4, 111),
(71, '', '', '600731e13526f63658f62f3d', '600731da3526f63658f62f3c', 4, 112),
(72, '', '', '600731e13526f63658f62f3d', '600731da3526f63658f62f3c', 4, 112),
(73, '600f10bafe1ad52280ccd769', '', '600731d43526f63658f62f3b', '600731da3526f63658f62f3c', 1, 113),
(74, '', '', '600731d43526f63658f62f3b', '600731da3526f63658f62f3c', 4, 114),
(75, '', '', '600731da3526f63658f62f3c', '600731d43526f63658f62f3b', 4, 115),
(76, '', '', '600731da3526f63658f62f3c', '600731d43526f63658f62f3b', 4, 115),
(77, '600f10bafe1ad52280ccd769', '', '600731d43526f63658f62f3b', '600731d43526f63658f62f3b', 1, 116),
(78, '', '', '600731d43526f63658f62f3b', '600731d43526f63658f62f3b', 4, 118),
(79, '600f10bafe1ad52280ccd769', '', '600731d43526f63658f62f3b', '600731d43526f63658f62f3b', 1, 119),
(80, '', '', '600731d43526f63658f62f3b', '600731d43526f63658f62f3b', 4, 121),
(81, '600f10bafe1ad52280ccd769', '', '600731e13526f63658f62f3d', '600731d43526f63658f62f3b', 1, 122),
(82, '', '', '600731da3526f63658f62f3c', '600731d43526f63658f62f3b', 4, 123),
(83, '', '', '600731d43526f63658f62f3b', '600731da3526f63658f62f3c', 4, 124),
(84, '', '', '600731d43526f63658f62f3b', '600731da3526f63658f62f3c', 4, 124),
(85, '601aa549fbfc750dfcdf6eff', '', '600731d43526f63658f62f3b', '600731da3526f63658f62f3c', 1, 125),
(86, '', '', '600731d43526f63658f62f3b', '600731da3526f63658f62f3c', 4, 126),
(87, '', '', '600731da3526f63658f62f3c', '600731d43526f63658f62f3b', 4, 127),
(88, '', '', '600731da3526f63658f62f3c', '600731d43526f63658f62f3b', 4, 127),
(89, '601aa549fbfc750dfcdf6eff', '', '600731da3526f63658f62f3c', '600731da3526f63658f62f3c', 1, 128),
(90, '', '', '600731d43526f63658f62f3b', '600731da3526f63658f62f3c', 4, 129),
(91, '', '', '600731da3526f63658f62f3c', '600731d43526f63658f62f3b', 4, 130),
(92, '', '', '600731da3526f63658f62f3c', '600731d43526f63658f62f3b', 4, 130),
(93, '601aa549fbfc750dfcdf6eff', '', '600731d43526f63658f62f3b', '600731d43526f63658f62f3b', 1, 131),
(94, '', '', '600731da3526f63658f62f3c', '600731d43526f63658f62f3b', 5, 132),
(95, '', '', '600731d43526f63658f62f3b', '600731da3526f63658f62f3c', 4, 133),
(96, '', '', '600731d43526f63658f62f3b', '600731da3526f63658f62f3c', 4, 133),
(97, '601aa549fbfc750dfcdf6eff', '', '600731d43526f63658f62f3b', '600731d43526f63658f62f3b', 1, 134),
(98, '', '', '600731d43526f63658f62f3b', '600731d43526f63658f62f3b', 4, 136),
(99, '601aa549fbfc750dfcdf6eff', '', '600731d43526f63658f62f3b', '600731d43526f63658f62f3b', 1, 137),
(100, '', '', '600731d43526f63658f62f3b', '600731d43526f63658f62f3b', 4, 139),
(101, '601aa549fbfc750dfcdf6eff', '', '600731d43526f63658f62f3b', '600731d43526f63658f62f3b', 1, 140),
(102, '', '', '600731d43526f63658f62f3b', '600731d43526f63658f62f3b', 4, 142),
(103, '601aa549fbfc750dfcdf6eff', '', '600731d43526f63658f62f3b', '600731d43526f63658f62f3b', 1, 143),
(104, '', '', '600731d43526f63658f62f3b', '600731d43526f63658f62f3b', 4, 145),
(105, '601aa549fbfc750dfcdf6eff', '', '600731d43526f63658f62f3b', '600731d43526f63658f62f3b', 1, 146),
(106, '601aa549fbfc750dfcdf6eff', '', '600731d43526f63658f62f3b', '600731d43526f63658f62f3b', 1, 147),
(107, '601adda317af5c3564016217', '', '600731d43526f63658f62f3b', '600731d43526f63658f62f3b', 1, 148),
(108, '601aa549fbfc750dfcdf6eff', '', '600731d43526f63658f62f3b', '600731d43526f63658f62f3b', 1, 149),
(109, '601aa549fbfc750dfcdf6eff', '', '600731d43526f63658f62f3b', '600731d43526f63658f62f3b', 1, 150),
(110, '601aa549fbfc750dfcdf6eff', '', '600731d43526f63658f62f3b', '600731da3526f63658f62f3c', 1, 151),
(111, '601aa549fbfc750dfcdf6eff', '', '600731da3526f63658f62f3c', '600731d43526f63658f62f3b', 1, 152),
(112, '', '', '600731d43526f63658f62f3b', '600731da3526f63658f62f3c', 4, 153),
(113, '601aa549fbfc750dfcdf6eff', '', '600731d43526f63658f62f3b', '600731da3526f63658f62f3c', 1, 154),
(117, '601aa549fbfc750dfcdf6eff', '', '600731d43526f63658f62f3b', '600731da3526f63658f62f3c', 1, 158),
(118, '601aa549fbfc750dfcdf6eff', '', '600731d43526f63658f62f3b', '600731da3526f63658f62f3c', 1, 159),
(119, '', '', '600731da3526f63658f62f3c', '600731d43526f63658f62f3b', 4, 160),
(120, '', '', '600731da3526f63658f62f3c', '600731d43526f63658f62f3b', 4, 160),
(121, '600f10bafe1ad52280ccd769', '', '600731d43526f63658f62f3b', '600731da3526f63658f62f3c', 1, 161),
(122, '', '', '600731da3526f63658f62f3c', '600731d43526f63658f62f3b', 4, 162),
(123, '', '', '600731da3526f63658f62f3c', '600731d43526f63658f62f3b', 4, 162),
(124, '600f10bafe1ad52280ccd769', '', '600731d43526f63658f62f3b', '600731da3526f63658f62f3c', 1, 163),
(125, '', '', '600731da3526f63658f62f3c', '600731d43526f63658f62f3b', 4, 164),
(126, '', '', '600731da3526f63658f62f3c', '600731d43526f63658f62f3b', 4, 164),
(127, '600f10bafe1ad52280ccd769', '', '600731da3526f63658f62f3c', '600731e13526f63658f62f3d', 1, 165),
(128, '', '', '600731d43526f63658f62f3b', '600731da3526f63658f62f3c', 4, 166),
(129, '', '', '600731e13526f63658f62f3d', '600731d43526f63658f62f3b', 4, 167),
(130, '', '', '600731e13526f63658f62f3d', '600731d43526f63658f62f3b', 4, 167),
(131, '601aa549fbfc750dfcdf6eff', '', '600731d43526f63658f62f3b', '600731da3526f63658f62f3c', 1, 168),
(132, '', '', '600731da3526f63658f62f3c', '600731d43526f63658f62f3b', 4, 169),
(133, '', '', '600731da3526f63658f62f3c', '600731d43526f63658f62f3b', 4, 169),
(134, '601aa549fbfc750dfcdf6eff', '', '600731d43526f63658f62f3b', '600731da3526f63658f62f3c', 1, 170),
(135, '', '', '600731da3526f63658f62f3c', '600731d43526f63658f62f3b', 4, 171),
(136, '601aa549fbfc750dfcdf6eff', '', '600731da3526f63658f62f3c', '600731d43526f63658f62f3b', 1, 172),
(137, '', '', '600731d43526f63658f62f3b', '600731da3526f63658f62f3c', 4, 173),
(138, '601aa549fbfc750dfcdf6eff', '', '600731da3526f63658f62f3c', '600731d43526f63658f62f3b', 1, 174),
(139, '', '', '600731d43526f63658f62f3b', '600731da3526f63658f62f3c', 4, 175),
(140, '601aa549fbfc750dfcdf6eff', '', '600731da3526f63658f62f3c', '600731da3526f63658f62f3c', 1, 176),
(141, '', '', '600731d43526f63658f62f3b', '600731da3526f63658f62f3c', 4, 177),
(142, '', '', '600731da3526f63658f62f3c', '600731d43526f63658f62f3b', 4, 178),
(143, '601aa549fbfc750dfcdf6eff', '', '600731d43526f63658f62f3b', '600731da3526f63658f62f3c', 1, 179),
(144, '', '', '600731da3526f63658f62f3c', '600731d43526f63658f62f3b', 4, 180),
(145, '601aa549fbfc750dfcdf6eff', '', '600731d43526f63658f62f3b', '600731da3526f63658f62f3c', 1, 181),
(146, '', '', '600731da3526f63658f62f3c', '600731d43526f63658f62f3b', 4, 182),
(147, '600f10bafe1ad52280ccd769', '', '600731da3526f63658f62f3c', '600731d43526f63658f62f3b', 1, 183),
(148, '', '', '600731d43526f63658f62f3b', '600731da3526f63658f62f3c', 4, 184),
(149, '600f10bafe1ad52280ccd769', '', '600731da3526f63658f62f3c', '600731d43526f63658f62f3b', 1, 185),
(150, '', '', '600731d43526f63658f62f3b', '600731da3526f63658f62f3c', 4, 186);

-- --------------------------------------------------------

--
-- Table structure for table `sequelizemeta`
--

CREATE TABLE `sequelizemeta` (
  `name` varchar(255) COLLATE utf8_unicode_ci NOT NULL
) ENGINE=InnoDB DEFAULT CHARSET=utf8 COLLATE=utf8_unicode_ci;

--
-- Dumping data for table `sequelizemeta`
--

INSERT INTO `sequelizemeta` (`name`) VALUES
('20210116155919-create_cars_table.js'),
('20210116161155-create_statuses_table.js'),
('20210116163252-create_orders_table.js');

-- --------------------------------------------------------

--
-- Table structure for table `status`
--

CREATE TABLE `status` (
  `id` int(11) NOT NULL,
  `name` varchar(15) NOT NULL
) ENGINE=InnoDB DEFAULT CHARSET=utf8;

--
-- Dumping data for table `status`
--

INSERT INTO `status` (`id`, `name`) VALUES
(5, 'Delivered'),
(6, 'In transport'),
(1, 'Pending'),
(2, 'Picked up'),
(3, 'Returned'),
(4, 'To transport');

--
-- Indexes for dumped tables
--

--
-- Indexes for table `cars_rent`
--
ALTER TABLE `cars_rent`
  ADD PRIMARY KEY (`id`);

--
-- Indexes for table `orders`
--
ALTER TABLE `orders`
  ADD PRIMARY KEY (`id`),
  ADD KEY `statusId` (`statusId`),
  ADD KEY `carsId` (`carsId`);

--
-- Indexes for table `sequelizemeta`
--
ALTER TABLE `sequelizemeta`
  ADD PRIMARY KEY (`name`),
  ADD UNIQUE KEY `name` (`name`);

--
-- Indexes for table `status`
--
ALTER TABLE `status`
  ADD PRIMARY KEY (`id`),
  ADD UNIQUE KEY `name` (`name`);

--
-- AUTO_INCREMENT for dumped tables
--

--
-- AUTO_INCREMENT for table `cars_rent`
--
ALTER TABLE `cars_rent`
  MODIFY `id` int(11) NOT NULL AUTO_INCREMENT, AUTO_INCREMENT=187;

--
-- AUTO_INCREMENT for table `orders`
--
ALTER TABLE `orders`
  MODIFY `id` int(30) NOT NULL AUTO_INCREMENT, AUTO_INCREMENT=151;

--
-- AUTO_INCREMENT for table `status`
--
ALTER TABLE `status`
  MODIFY `id` int(11) NOT NULL AUTO_INCREMENT, AUTO_INCREMENT=8;

--
-- Constraints for dumped tables
--

--
-- Constraints for table `orders`
--
ALTER TABLE `orders`
  ADD CONSTRAINT `orders_ibfk_1` FOREIGN KEY (`carsId`) REFERENCES `cars_rent` (`id`) ON DELETE CASCADE ON UPDATE CASCADE,
  ADD CONSTRAINT `orders_ibfk_2` FOREIGN KEY (`statusId`) REFERENCES `status` (`id`) ON DELETE CASCADE ON UPDATE CASCADE;
COMMIT;

/*!40101 SET CHARACTER_SET_CLIENT=@OLD_CHARACTER_SET_CLIENT */;
/*!40101 SET CHARACTER_SET_RESULTS=@OLD_CHARACTER_SET_RESULTS */;
/*!40101 SET COLLATION_CONNECTION=@OLD_COLLATION_CONNECTION */;
